{"cameraMode":{"drawMode":0,"name":"Shaded","section":"Shading Mode"},"sceneLighting":false,"audioPlay":false,"sceneViewState":{"m_AlwaysRefresh":false,"showFog":true,"showSkybox":false,"showFlares":true,"showImageEffects":true,"showParticleSystems":true,"showVisualEffectGraphs":true,"m_FxEnabled":true},"in2DMode":false,"pivot":{"x":-0.05938214808702469,"y":0.2641514539718628,"z":0.027716845273971559},"rotation":{"x":0.16593116521835328,"y":0.1126415953040123,"z":-0.01908154971897602,"w":0.9795053601264954},"size":0.2629024088382721,"orthographic":false}