{"cameraMode":{"drawMode":0,"name":"Shaded","section":"Shading Mode"},"sceneLighting":false,"audioPlay":false,"sceneViewState":{"m_AlwaysRefresh":false,"showFog":true,"showSkybox":false,"showFlares":true,"showImageEffects":true,"showParticleSystems":true,"showVisualEffectGraphs":true,"m_FxEnabled":true},"in2DMode":false,"pivot":{"x":-0.23482562601566316,"y":-0.042313188314437869,"z":-0.1390438824892044},"rotation":{"x":0.11969108134508133,"y":0.27277401089668276,"z":-0.03422258794307709,"w":0.9540015459060669},"size":0.528485119342804,"orthographic":false}