{"cameraMode":{"drawMode":0,"name":"Shaded","section":"Shading Mode"},"sceneLighting":false,"audioPlay":false,"sceneViewState":{"m_AlwaysRefresh":false,"showFog":true,"showSkybox":false,"showFlares":true,"showImageEffects":true,"showParticleSystems":true,"showVisualEffectGraphs":true,"m_FxEnabled":true},"in2DMode":false,"pivot":{"x":0.1496855467557907,"y":0.2613016366958618,"z":0.13205119967460633},"rotation":{"x":-0.25795793533325198,"y":0.6814563274383545,"z":-0.2815709710121155,"w":-0.6243658661842346},"size":1.2418551445007325,"orthographic":false}