{"cameraMode":{"drawMode":0,"name":"Shaded","section":"Shading Mode"},"sceneLighting":false,"audioPlay":false,"sceneViewState":{"m_AlwaysRefresh":false,"showFog":true,"showSkybox":false,"showFlares":true,"showImageEffects":true,"showParticleSystems":true,"showVisualEffectGraphs":true,"m_FxEnabled":true},"in2DMode":false,"pivot":{"x":-0.03798457980155945,"y":0.442312091588974,"z":-0.02826404571533203},"rotation":{"x":0.18850605189800263,"y":0.17619186639785767,"z":-0.034398701041936877,"w":0.9655328989028931},"size":0.6312742829322815,"orthographic":false}