{"cameraMode":{"drawMode":0,"name":"Shaded","section":"Shading Mode"},"sceneLighting":false,"audioPlay":false,"sceneViewState":{"m_AlwaysRefresh":false,"showFog":true,"showSkybox":false,"showFlares":true,"showImageEffects":true,"showParticleSystems":true,"showVisualEffectGraphs":true,"m_FxEnabled":true},"in2DMode":false,"pivot":{"x":0.18753504753112794,"y":0.2042316347360611,"z":-0.3107776343822479},"rotation":{"x":0.012571223080158234,"y":0.9873507618904114,"z":-0.10486306995153427,"w":0.11835335195064545},"size":0.6035447120666504,"orthographic":false}