{"cameraMode":{"drawMode":0,"name":"Shaded","section":"Shading Mode"},"sceneLighting":false,"audioPlay":false,"sceneViewState":{"m_AlwaysRefresh":false,"showFog":true,"showSkybox":false,"showFlares":true,"showImageEffects":true,"showParticleSystems":true,"showVisualEffectGraphs":true,"m_FxEnabled":true},"in2DMode":false,"pivot":{"x":0.21928879618644715,"y":0.6597318053245544,"z":-0.00030640879413113},"rotation":{"x":0.004376077558845282,"y":0.9626670479774475,"z":0.015586807392537594,"w":-0.27026402950286868},"size":0.8482678532600403,"orthographic":false}